{
  "version":  "1.2.1",
  "energy":    -4.3879756161024595E-03,
  "damping parameters": {
    "damping": "rational",
    "s6":  1.0000000000000000E+00,
    "s8":  7.8749999999999998E-01,
    "s9":  0.0000000000000000E+00,
    "a1":  4.2890000000000000E-01,
    "a2":  4.4406999999999996E+00,
    "alp":  1.4000000000000000E+01
  }
}
