System,Delta_E
LiH_long,0.08240766349053424
LiH_dense,0.08195308265225176
LiH_le,0.080448753361877
CuI_le,0.0003107484564877144
CuI,0.0003107484564877144
LiH,0.08203249434794824
CuI_long,0.0003107484564877144
